{"document":{"pageListHeight":113,"componentSidebarTreeStructure":0,"libraryListCollapsed":0,"pageListCollapsed":0},"4B970067-BE70-47D9-8427-F5F48D7A74A6":{"scrollOrigin":"{-11, 294}","zoomValue":1.486059226936629},"E961A14F-EFF1-4256-AF92-4C12121C29E9":{"scrollOrigin":"{-130, -88}","zoomValue":1.14926127767314}}