{"document":{"pageListHeight":85,"pageListCollapsed":0},"40AA5B55-9B57-4710-A9CC-90C831D3292D":{"scrollOrigin":"{-62, 190}","zoomValue":0.7977547651479653},"79872E72-BC08-41CA-BD8B-7EEACA687BD0":{"scrollOrigin":"{199, 451}","zoomValue":0.7977547651479653}}